first_name,last_name,username,biography,1
Alice,Smith,alicesmith15,"Alice Smith grew up in a bustling city and discovered her love for music at a young age. She pursued a degree in Music and became a renowned composer. Alice enjoys attending live concerts, playing the piano, and volunteering at local music schools. Her weekends are often spent exploring new genres of music and composing original pieces. Alice dreams of opening her own music academy to nurture young talent.",2
Bob,Johnson,bobjohnson11,"Bob Johnson hails from a coastal town and has always been fascinated by the sea. He studied Marine Biology and now works as a Research Scientist. Bob is passionate about marine conservation and spends his free time scuba diving and participating in beach clean-ups. He is also an avid sailor and enjoys weekend regattas. Bob aspires to publish a book on marine ecosystems and their preservation.",3
Charlie,Williams,charliewilliams20,"Charlie Williams, a tech enthusiast from a tech-savvy family, pursued a degree in Computer Science. He works as a Software Engineer and is known for his innovative solutions. Charlie loves coding, playing video games, and attending hackathons. He also enjoys mentoring young programmers and contributing to open-source projects. Charlie's goal is to develop a groundbreaking software application that revolutionizes the tech industry.",4
David,Brown,davidbrown81,"David Brown, born in a historic town, developed an interest in architecture early on. He studied Architecture and now designs sustainable buildings. David enjoys sketching, visiting architectural landmarks, and participating in urban planning workshops. He is also a keen cyclist and often explores new cities on his bike. David aims to create eco-friendly urban spaces that blend modern design with historical elements.",5
Eva,Jones,evajones97,"Eva Jones, from a family of chefs, pursued a degree in Culinary Arts. She is now a celebrated chef known for her innovative dishes. Eva loves experimenting with new recipes, hosting cooking classes, and writing a food blog. She also enjoys traveling to discover new cuisines and ingredients. Eva's dream is to open a chain of restaurants that offer unique culinary experiences.",6
Frank,Garcia,frankgarcia84,"Frank Garcia, a natural storyteller, studied Journalism and now works as an Investigative Reporter. He is passionate about uncovering the truth and bringing important stories to light. Frank enjoys writing, photography, and traveling to remote locations for his stories. He also volunteers at local community centers, teaching journalism to aspiring writers. Frank's ambition is to win a Pulitzer Prize for his investigative work.",7
Grace,Miller,gracemiller38,"Grace Miller, an engineering prodigy, pursued a degree in Mechanical Engineering. She works as a Robotics Engineer and is known for her cutting-edge designs. Grace enjoys building robots, participating in robotics competitions, and mentoring young engineers. She is also an avid reader and enjoys science fiction novels. Grace's goal is to develop robots that can assist in disaster relief operations.",8
Hannah,Davis,hannahdavis78,"Hannah Davis, from a family of engineers, pursued a degree in Civil Engineering. She works as a Project Manager and is known for her leadership skills. Hannah enjoys hiking, swimming, and volunteering for environmental causes. She also participates in marathons and triathlons. Hannah's dream is to lead large-scale infrastructure projects that improve urban living conditions.",9
Ian,Rodriguez,ianrodriguez60,"Ian Rodriguez, with a passion for culinary arts, pursued a degree in Culinary Arts. He works as a Pastry Chef and is known for his exquisite desserts. Ian enjoys baking, painting, and traveling to culinary festivals. He also teaches baking classes and writes a dessert cookbook. Ian's ambition is to open a patisserie that offers a fusion of traditional and modern desserts.",10
Julia,Martinez,juliamartinez91,"Julia Martinez, a creative soul, studied Graphic Design and now works as a Freelance Designer. She is known for her unique and vibrant designs. Julia enjoys painting, swimming, and exploring art galleries. She also participates in art exhibitions and collaborates with other artists. Julia's goal is to create a design studio that fosters creativity and innovation.",11